INHIBITION_OF_VOLTAGE_GATED_CD_CA2_CHANNELS_VIA_GBETA_GAMMA_SUBUNITS,NEURONAL_SYSTEM,POTASSIUM_CHANNELS,TRANSMISSION_ACROSS_CHEMICAL_AL_SYNAPSES,GPCR_DOWNSTREAM_SIGNALING,SLC_MEDIATED_TRANSMEMBRANE_TR_TRANSPORT,NEUROTRANSMITTER_RECEPTOR_BINBINDING_AND_DOWNSTREAM_TRANSMISSION_IN_THE_POSTSYNAPTIC_CELL,RAS_ACTIVATION_UOPN_CA2_INFUXFUX_THROUGH_NMDA_RECEPTOR,SIGNALING_BY_GPCR
GABBR1,ABAT,ABCC8,ABAT,ABR,AAAS,ACTN2,ACTN2,ABR
GABBR2,ABCC8,ABCC9,ACHE,ADCY1,ALB,ADCY1,AKAP9,ADCY1
GNB1,ABCC9,GABBR1,ACTN2,ADCY2,AVP,ADCY2,CALM1,ADCY2
GNB2,ACHE,GABBR2,ADCY1,ADCY3,CP,ADCY3,CALM2,ADCY3
GNB3,ACTN2,GNB1,ADCY2,ADCY4,G6PC,ADCY4,CALM3,ADCY4
GNG10,ADCY1,GNB2,ADCY3,ADCY5,G6PC2,ADCY5,CAMK2A,ADCY5
GNG12,ADCY2,GNB3,ADCY4,ADCY6,G6PC3,ADCY6,CAMK2B,ADCY6
GNG2,ADCY3,GNG10,ADCY5,ADCY7,GCK,ADCY7,CAMK2D,ADCY7
GNG3,ADCY4,GNG12,ADCY6,ADCY8,GCKR,ADCY8,GRIN1,ADCY8
GNG4,ADCY5,GNG2,ADCY7,ADCY9,HEPH,ADCY9,GRIN2A,ADCY9
GNG5,ADCY6,GNG3,ADCY8,ADCYAP1,HK1,AKAP5,GRIN2B,ADCYAP1
GNG7,ADCY7,GNG4,ADCY9,ADCYAP1R1,HK2,AKAP9,GRIN2C,ADCYAP1R1
GNG8,ADCY8,GNG5,AKAP5,ADM,HK3,AP2A1,GRIN2D,ADM
GNGT1,ADCY9,GNG7,AKAP9,ADM2,LOC652661,AP2A2,HRAS,ADM2
GNGT2,AKAP5,GNG8,ALDH2,ADORA1,NUP107,AP2B1,NEFL,ADORA1
KCNJ10,AKAP9,GNGT1,ALDH5A1,ADORA2A,NUP133,AP2M1,RASGRF1,ADORA2A
KCNJ12,ALDH2,GNGT2,AP2A1,ADORA2B,NUP153,AP2S1,RASGRF2,ADORA2B
KCNJ15,ALDH5A1,HCN1,AP2A2,ADORA3,NUP155,ARHGEF9,,ADORA3
KCNJ16,AP2A1,HCN2,AP2B1,ADRA1A,NUP188,BRAF,,ADRA1A
KCNJ2,AP2A2,HCN3,AP2M1,ADRA1B,NUP205,CACNG2,,ADRA1B
KCNJ3,AP2B1,HCN4,AP2S1,ADRA1D,NUP210,CACNG3,,ADRA1D
KCNJ4,AP2M1,KCNA1,ARHGEF9,ADRA2A,NUP214,CACNG4,,ADRA2A
KCNJ5,AP2S1,KCNA10,BRAF,ADRA2B,NUP35,CACNG8,,ADRA2B
KCNJ6,ARHGEF9,KCNA2,CACNA1A,ADRB1,NUP37,CALM1,,ADRB1
KCNJ9,BRAF,KCNA3,CACNA1B,ADRB2,NUP43,CALM2,,ADRB2
,CACNA1A,KCNA4,CACNA2D3,ADRB3,NUP50,CALM3,,ADRB3
,CACNA1B,KCNA5,CACNB1,ADRBK1,NUP54,CAMK2A,,ADRBK1
,CACNA2D3,KCNA6,CACNB2,AGT,NUP62,CAMK2B,,AGT
,CACNB1,KCNA7,CACNB3,AGTR1,NUP85,CAMK2D,,AGTR1
,CACNB2,KCNAB1,CACNB4,AGTR2,NUP88,CAMK4,,AGTR2
,CACNB3,KCNAB2,CACNG2,AKAP13,NUP93,CAMKK1,,AKAP13
,CACNB4,KCNAB3,CACNG3,AKT1,NUPL1,CHRFAM7A,,AKT1
,CACNG2,KCNB1,CACNG4,AKT2,NUPL2,CHRNA1,,AKT2
,CACNG3,KCNB2,CACNG8,AKT3,POM121,CHRNA2,,AKT3
,CACNG4,KCNC1,CALM1,ANXA1,RAE1,CHRNA3,,ANXA1
,CACNG8,KCNC2,CALM2,APLNR,RANBP2,CHRNA4,,APLNR
,CALM1,KCNC3,CALM3,APP,RHAG,CHRNA5,,APP
,CALM2,KCNC4,CAMK2A,ARHGAP4,RHCG,CHRNA6,,ARHGAP4
,CALM3,KCND1,CAMK2B,ARHGEF1,SEH1L,CHRNA7,,ARHGEF1
,CAMK2A,KCND2,CAMK2D,ARHGEF11,SLC10A6,CHRNA9,,ARHGEF11
,CAMK2B,KCND3,CAMK4,ARHGEF12,SLC11A1,CHRNB2,,ARHGEF12
,CAMK2D,KCNF1,CAMKK1,ARHGEF16,SLC12A1,CHRNB3,,ARHGEF16
,CAMK4,KCNG1,CHAT,ARHGEF17,SLC12A2,CHRNB4,,ARHGEF17
,CAMKK1,KCNG2,CHRFAM7A,ARHGEF18,SLC12A4,CHRND,,ARHGEF18
,CHAT,KCNG3,CHRNA1,ARHGEF2,SLC12A5,CHRNE,,ARHGEF2
,CHRFAM7A,KCNG4,CHRNA2,ARHGEF25,SLC12A6,CHRNG,,ARHGEF25
,CHRNA1,KCNH1,CHRNA3,ARHGEF3,SLC12A7,CREB1,,ARHGEF3
,CHRNA2,KCNH2,CHRNA4,ARHGEF4,SLC13A1,DLG1,,ARHGEF4
,CHRNA3,KCNH3,CHRNA5,ARHGEF6,SLC13A2,DLG3,,ARHGEF6
,CHRNA4,KCNH4,CHRNA6,ARHGEF9,SLC13A3,EPB41L1,,ARHGEF9
,CHRNA5,KCNH5,CHRNA7,AVP,SLC13A5,GABBR1,,AVP
,CHRNA6,KCNH6,CHRNA9,AVPR1A,SLC14A1,GABBR2,,AVPR1A
,CHRNA7,KCNH7,CHRNB2,AVPR1B,SLC14A2,GABRA1,,AVPR1B
,CHRNA9,KCNH8,CHRNB3,AVPR2,SLC15A1,GABRA2,,AVPR2
,CHRNB2,KCNJ1,CHRNB4,BDKRB1,SLC15A2,GABRA3,,BDKRB1
,CHRNB3,KCNJ10,CHRND,BDKRB2,SLC15A3,GABRA4,,BDKRB2
,CHRNB4,KCNJ11,CHRNE,BRS3,SLC15A4,GABRA5,,BRS3
,CHRND,KCNJ12,CHRNG,C3,SLC16A1,GABRA6,,C3
,CHRNE,KCNJ14,COMT,C3AR1,SLC16A10,GABRB1,,C3AR1
,CHRNG,KCNJ15,CREB1,C5,SLC16A3,GABRB2,,C5
,COMT,KCNJ16,DLG1,C5AR1,SLC16A7,GABRB3,,C5AR1
,CREB1,KCNJ2,DLG3,CALCA,SLC16A8,GABRG2,,CALCA
,DLG1,KCNJ3,DNAJC5,CALCB,SLC17A1,GABRG3,,CALCB
,DLG3,KCNJ4,EPB41L1,CALCRL,SLC17A5,GABRR1,,CALCRL
,DNAJC5,KCNJ5,GABBR1,CASR,SLC17A6,GABRR2,,CALM1
,EPB41L1,KCNJ6,GABBR2,CCK,SLC17A7,GNAI1,,CALM2
,GABBR1,KCNJ8,GABRA1,CCKAR,SLC17A8,GNAI2,,CALM3
,GABBR2,KCNJ9,GABRA2,CCKBR,SLC18A1,GNAI3,,CAMK4
,GABRA1,KCNK1,GABRA3,CCL16,SLC18A2,GNAL,,CASR
,GABRA2,KCNK10,GABRA4,CCL19,SLC1A1,GNB1,,CCBP2
,GABRA3,KCNK13,GABRA5,CCL20,SLC1A2,GNB2,,CCK
,GABRA4,KCNK16,GABRA6,CCL21,SLC1A3,GNB3,,CCKAR
,GABRA5,KCNK17,GABRB1,CCL25,SLC1A4,GNB4,,CCKBR
,GABRA6,KCNK18,GABRB2,CCL27,SLC1A5,GNB5,,CCL11
,GABRB1,KCNK2,GABRB3,CCL28,SLC1A6,GNG10,,CCL16
,GABRB2,KCNK3,GABRG2,CCL5,SLC1A7,GNG11,,CCL17
,GABRB3,KCNK4,GABRG3,CCR1,SLC20A1,GNG12,,CCL19
,GABRG2,KCNK6,GABRR1,CCR10,SLC20A2,GNG13,,CCL2
,GABRG3,KCNK7,GABRR2,CCR2,SLC22A1,GNG2,,CCL20
,GABRR1,KCNK9,GAD1,CCR3,SLC22A11,GNG3,,CCL21
,GABRR2,KCNMB1,GAD2,CCR4,SLC22A12,GNG4,,CCL22
,GAD1,KCNMB2,GLS,CCR5,SLC22A15,GNG5,,CCL25
,GAD2,KCNMB3,GLS2,CCR6,SLC22A16,GNG7,,CCL27
,GJA10,KCNMB4,GLUL,CCR7,SLC22A18,GNG8,,CCL28
,GJC1,KCNN1,GNAI1,CCR8,SLC22A2,GNGT1,,CCL3
,GJD2,KCNN2,GNAI2,CCR9,SLC22A3,GNGT2,,CCL3L1
,GLS,KCNN3,GNAI3,CDC42,SLC22A4,GRIA1,,CCL3L3
,GLS2,KCNN4,GNAL,CGA,SLC22A5,GRIA2,,CCL4
,GLUL,KCNQ1,GNB1,CHRM1,SLC22A6,GRIA3,,CCL5
,GNAI1,KCNQ2,GNB2,CHRM2,SLC22A7,GRIA4,,CCL7
,GNAI2,KCNQ3,GNB3,CHRM3,SLC22A8,GRIK1,,CCR1
,GNAI3,KCNQ4,GNB4,CHRM5,SLC24A1,GRIK2,,CCR10
,GNAL,KCNQ5,GNB5,CNR1,SLC24A2,GRIK3,,CCR2
,GNB1,KCNS1,GNG10,CNR2,SLC24A3,GRIK4,,CCR3
,GNB2,KCNS2,GNG11,CRH,SLC24A4,GRIK5,,CCR4
,GNB3,KCNS3,GNG12,CRHR2,SLC24A5,GRIN1,,CCR5
,GNB4,KCNV1,GNG13,CXCL1,SLC24A6,GRIN2A,,CCR6
,GNB5,KCNV2,GNG2,CXCL10,SLC25A10,GRIN2B,,CCR7
,GNG10,,GNG3,CXCL11,SLC26A1,GRIN2C,,CCR8
,GNG11,,GNG4,CXCL12,SLC26A2,GRIN2D,,CCR9
,GNG12,,GNG5,CXCL13,SLC26A3,GRIP2,,CCRL1
,GNG13,,GNG7,CXCL16,SLC26A4,HRAS,,CCRL1P1
,GNG2,,GNG8,CXCL2,SLC26A6,KCNJ10,,CD55
,GNG3,,GNGT1,CXCL3,SLC26A7,KCNJ12,,CD97
,GNG4,,GNGT2,CXCL5,SLC26A9,KCNJ15,,CDC42
,GNG5,,GRIA1,CXCL6,SLC27A1,KCNJ16,,CDK1
,GNG7,,GRIA2,CXCL9,SLC27A4,KCNJ2,,CDK5
,GNG8,,GRIA3,CXCR1,SLC27A6,KCNJ3,,CGA
,GNGT1,,GRIA4,CXCR2,SLC28A1,KCNJ4,,CHRM1
,GNGT2,,GRIK1,CXCR3,SLC28A2,KCNJ5,,CHRM2
,GRIA1,,GRIK2,CXCR4,SLC28A3,KCNJ6,,CHRM3
,GRIA2,,GRIK3,CXCR5,SLC29A1,KCNJ9,,CHRM5
,GRIA3,,GRIK4,CXCR6,SLC29A2,LOC651907,,CNR1
,GRIA4,,GRIK5,CXCR7,SLC29A3,LOC732445,,CNR2
,GRIK1,,GRIN1,CYSLTR1,SLC29A4,MAPK1,,CREB1
,GRIK2,,GRIN2A,CYSLTR2,SLC2A1,MDM2,,CRH
,GRIK3,,GRIN2B,DAGLA,SLC2A10,MYO6,,CRHR2
,GRIK4,,GRIN2C,DAGLB,SLC2A11,NCALD,,CX3CL1
,GRIK5,,GRIN2D,DGKA,SLC2A12,NEFL,,CX3CR1
,GRIN1,,GRIP2,DGKB,SLC2A13,NSF,,CXCL1
,GRIN2A,,HRAS,DGKD,SLC2A2,PDPK1,,CXCL10
,GRIN2B,,HSPA8,DGKE,SLC2A3,PICK1,,CXCL11
,GRIN2C,,KCNJ10,DGKG,SLC2A4,PLCB1,,CXCL12
,GRIN2D,,KCNJ12,DGKH,SLC2A5,PLCB2,,CXCL13
,GRIP2,,KCNJ15,DGKI,SLC2A6,PLCB3,,CXCL16
,HCN1,,KCNJ16,DGKK,SLC2A7,PRKACB,,CXCL2
,HCN2,,KCNJ2,DGKQ,SLC2A8,PRKCA,,CXCL3
,HCN3,,KCNJ3,DRD1,SLC2A9,PRKCB,,CXCL5
,HCN4,,KCNJ4,DRD2,SLC30A1,PRKCG,,CXCL6
,HRAS,,KCNJ5,DRD3,SLC30A2,RAF1,,CXCL9
,HSPA8,,KCNJ6,DRD5,SLC30A3,RASGRF1,,CXCR1
,KCNA1,,KCNJ9,ECT2,SLC30A5,RASGRF2,,CXCR2
,KCNA10,,LOC651907,EDN1,SLC30A7,RPS6KA1,,CXCR3
,KCNA2,,LOC732445,EDN2,SLC30A8,RPS6KA2,,CXCR4
,KCNA3,,MAOA,EDN3,SLC31A1,RPS6KA3,,CXCR5
,KCNA4,,MAPK1,EDNRA,SLC32A1,RPS6KA6,,CXCR6
,KCNA5,,MDM2,EDNRB,SLC33A1,RRAS,,CXCR7
,KCNA6,,MYO6,F2,SLC34A1,,,CYSLTR1
,KCNA7,,NCALD,F2R,SLC34A2,,,CYSLTR2
,KCNAB1,,NEFL,F2RL1,SLC34A3,,,DAGLA
,KCNAB2,,NSF,F2RL2,SLC35A1,,,DAGLB
,KCNAB3,,PDPK1,F2RL3,SLC35A2,,,DARC
,KCNB1,,PICK1,FFAR1,SLC35A3,,,DGKA
,KCNB2,,PLCB1,FFAR2,SLC35B2,,,DGKB
,KCNC1,,PLCB2,FFAR3,SLC35B4,,,DGKD
,KCNC2,,PLCB3,FGD1,SLC35C1,,,DGKE
,KCNC3,,PRKACB,FGD2,SLC35D1,,,DGKG
,KCNC4,,PRKCA,FGD3,SLC35D2,,,DGKH
,KCND1,,PRKCB,FGD4,SLC36A1,,,DGKI
,KCND2,,PRKCG,FPR1,SLC36A2,,,DGKK
,KCND3,,RAB3A,FPR2,SLC37A4,,,DGKQ
,KCNF1,,RAF1,FPR3,SLC38A1,,,DHH
,KCNG1,,RASGRF1,FSHB,SLC38A2,,,DRD1
,KCNG2,,RASGRF2,FSHR,SLC38A3,,,DRD2
,KCNG3,,RIMS1,GABBR1,SLC38A4,,,DRD3
,KCNG4,,RPS6KA1,GABBR2,SLC38A5,,,DRD5
,KCNH1,,RPS6KA2,GAL,SLC39A1,,,ECT2
,KCNH2,,RPS6KA3,GALR1,SLC39A10,,,EDN1
,KCNH3,,RPS6KA6,GALR2,SLC39A2,,,EDN2
,KCNH4,,RRAS,GALR3,SLC39A3,,,EDN3
,KCNH5,,SLC17A7,GAST,SLC39A4,,,EDNRA
,KCNH6,,SLC18A2,GCG,SLC39A5,,,EDNRB
,KCNH7,,SLC18A3,GCGR,SLC39A6,,,EGFR
,KCNH8,,SLC1A1,GHRH,SLC39A7,,,EMR1
,KCNJ1,,SLC1A2,GHRHR,SLC39A8,,,EMR2
,KCNJ10,,SLC1A3,GHRL,SLC3A1,,,EMR3
,KCNJ11,,SLC1A6,GHSR,SLC3A2,,,F2
,KCNJ12,,SLC1A7,GIP,SLC40A1,,,F2R
,KCNJ14,,SLC22A2,GIPR,SLC41A1,,,F2RL1
,KCNJ15,,SLC32A1,GLP1R,SLC41A2,,,F2RL2
,KCNJ16,,SLC38A1,GLP2R,SLC43A1,,,F2RL3
,KCNJ2,,SLC38A2,GNA11,SLC43A2,,,FFAR1
,KCNJ3,,SLC5A7,GNA12,SLC44A1,,,FFAR2
,KCNJ4,,SLC6A1,GNA13,SLC44A2,,,FFAR3
,KCNJ5,,SLC6A11,GNA14,SLC44A3,,,FGD1
,KCNJ6,,SLC6A12,GNA15,SLC44A4,,,FGD2
,KCNJ8,,SLC6A3,GNAI1,SLC44A5,,,FGD3
,KCNJ9,,SNAP25,GNAI2,SLC47A1,,,FGD4
,KCNK1,,STX1A,GNAI3,SLC47A2,,,FPR1
,KCNK10,,STXBP1,GNAL,SLC4A1,,,FPR2
,KCNK13,,SYN1,GNAQ,SLC4A2,,,FPR3
,KCNK16,,SYN2,GNAS,SLC4A3,,,FSHB
,KCNK17,,SYN3,GNAT1,SLC4A4,,,FSHR
,KCNK18,,SYT1,GNAT2,SLC4A5,,,FZD1
,KCNK2,,UNC13B,GNAZ,SLC4A7,,,FZD10
,KCNK3,,VAMP2,GNB1,SLC4A8,,,FZD2
,KCNK4,,,GNB2,SLC4A9,,,FZD3
,KCNK6,,,GNB3,SLC5A1,,,FZD4
,KCNK7,,,GNB4,SLC5A11,,,FZD5
,KCNK9,,,GNB5,SLC5A2,,,FZD6
,KCNMB1,,,GNG10,SLC5A3,,,FZD7
,KCNMB2,,,GNG11,SLC5A5,,,FZD8
,KCNMB3,,,GNG12,SLC5A6,,,FZD9
,KCNMB4,,,GNG13,SLC5A7,,,GABBR1
,KCNN1,,,GNG2,SLC5A8,,,GABBR2
,KCNN2,,,GNG3,SLC6A1,,,GAL
,KCNN3,,,GNG4,SLC6A11,,,GALR1
,KCNN4,,,GNG5,SLC6A12,,,GALR2
,KCNQ1,,,GNG7,SLC6A14,,,GALR3
,KCNQ2,,,GNG8,SLC6A15,,,GAST
,KCNQ3,,,GNGT1,SLC6A18,,,GCG
,KCNQ4,,,GNGT2,SLC6A19,,,GCGR
,KCNQ5,,,GNRH1,SLC6A2,,,GHRH
,KCNS1,,,GNRH2,SLC6A20,,,GHRHR
,KCNS2,,,GNRHR,SLC6A3,,,GHRL
,KCNS3,,,GPBAR1,SLC6A5,,,GHSR
,KCNV1,,,GPER,SLC6A6,,,GIP
,KCNV2,,,GPR132,SLC6A7,,,GIPR
,LOC642105,,,GPR17,SLC6A9,,,GLP1R
,LOC651907,,,GPR18,SLC7A1,,,GLP2R
,LOC732445,,,GPR4,SLC7A10,,,GNA11
,MAOA,,,GPR44,SLC7A11,,,GNA12
,MAPK1,,,GPR55,SLC7A2,,,GNA13
,MDM2,,,GPR65,SLC7A3,,,GNA14
,MYO6,,,GPR68,SLC7A5,,,GNA15
,NCALD,,,GPRC6A,SLC7A6,,,GNAI1
,NEFL,,,GRK5,SLC7A7,,,GNAI2
,NSF,,,GRP,SLC7A8,,,GNAI3
,PANX1,,,GRPR,SLC7A9,,,GNAL
,PANX2,,,HCAR2,SLC8A1,,,GNAO1
,PDPK1,,,HCAR3,SLC8A2,,,GNAQ
,PICK1,,,HCRT,SLC8A3,,,GNAS
,PLCB1,,,HCRTR1,SLC9A1,,,GNAT1
,PLCB2,,,HCRTR2,SLC9A2,,,GNAT2
,PLCB3,,,HEBP1,SLC9A3,,,GNAZ
,PRKACB,,,HRH1,SLC9A4,,,GNB1
,PRKCA,,,HRH2,SLC9A5,,,GNB2
,PRKCB,,,HRH3,SLC9A6,,,GNB3
,PRKCG,,,HRH4,SLC9A7,,,GNB4
,RAB3A,,,HTR1A,SLC9A8,,,GNB5
,RAF1,,,HTR1B,SLC9A9,,,GNG10
,RASGRF1,,,HTR1D,SLCO1A2,,,GNG11
,RASGRF2,,,HTR1E,SLCO1B1,,,GNG12
,RIMS1,,,HTR1F,SLCO1B3,,,GNG13
,RPS6KA1,,,HTR2A,SLCO1C1,,,GNG2
,RPS6KA2,,,HTR2B,SLCO2A1,,,GNG3
,RPS6KA3,,,HTR2C,SLCO2B1,,,GNG4
,RPS6KA6,,,HTR4,SLCO3A1,,,GNG5
,RRAS,,,HTR5A,SLCO4A1,,,GNG7
,SLC17A7,,,HTR6,SLCO4C1,,,GNG8
,SLC18A2,,,HTR7,TPR,,,GNGT1
,SLC18A3,,,IAPP,,,,GNGT2
,SLC1A1,,,IL8,,,,GNRH1
,SLC1A2,,,INSL3,,,,GNRH2
,SLC1A3,,,INSL5,,,,GNRHR
,SLC1A6,,,ITPR2,,,,GPBAR1
,SLC1A7,,,ITPR3,,,,GPER
,SLC22A2,,,ITSN1,,,,GPR132
,SLC32A1,,,KALRN,,,,GPR17
,SLC38A1,,,KISS1,,,,GPR18
,SLC38A2,,,KISS1R,,,,GPR39
,SLC5A7,,,KNG1,,,,GPR4
,SLC6A1,,,LHB,,,,GPR44
,SLC6A11,,,LHCGR,,,,GPR55
,SLC6A12,,,LOC652222,,,,GPR65
,SLC6A3,,,LOC652692,,,,GPR68
,SNAP25,,,LOC653879,,,,GPR77
,STX10,,,LOC730002,,,,GPRC6A
,STX11,,,LOC730221,,,,GRB2
,STX12,,,LOC730335,,,,GRK5
,STX16,,,LOC730413,,,,GRM1
,STX1A,,,LOC730421,,,,GRM2
,STX1B,,,LOC730808,,,,GRM3
,STX2,,,LOC731823,,,,GRM4
,STX3,,,LPAR1,,,,GRM6
,STX4,,,LPAR2,,,,GRM7
,STX5,,,LPAR3,,,,GRM8
,STX6,,,LPAR4,,,,GRP
,STX7,,,LPAR6,,,,GRPR
,STX8,,,LTB4R,,,,HBEGF
,STXBP1,,,LTB4R2,,,,HCAR2
,SYN1,,,MC1R,,,,HCAR3
,SYN2,,,MC2R,,,,HCRT
,SYN3,,,MC3R,,,,HCRTR1
,SYT1,,,MC4R,,,,HCRTR2
,SYT2,,,MC5R,,,,HEBP1
,UNC13B,,,MCF2,,,,HRAS
,VAMP1,,,MCHR1,,,,HRH1
,VAMP2,,,MCHR2,,,,HRH2
,,,,MGLL,,,,HRH3
,,,,MLN,,,,HRH4
,,,,MLNR,,,,HTR1A
,,,,MTNR1A,,,,HTR1B
,,,,MTNR1B,,,,HTR1D
,,,,NET1,,,,HTR1E
,,,,NGEF,,,,HTR1F
,,,,NMB,,,,HTR2A
,,,,NMBR,,,,HTR2B
,,,,NMS,,,,HTR2C
,,,,NMU,,,,HTR4
,,,,NMUR1,,,,HTR5A
,,,,NMUR2,,,,HTR6
,,,,NPB,,,,HTR7
,,,,NPBWR1,,,,IAPP
,,,,NPBWR2,,,,IHH
,,,,NPFF,,,,IL8
,,,,NPFFR1,,,,INSL3
,,,,NPFFR2,,,,INSL5
,,,,NPS,,,,ITPR2
,,,,NPSR1,,,,ITPR3
,,,,NPW,,,,ITSN1
,,,,NPY,,,,KALRN
,,,,NPY1R,,,,KISS1
,,,,NPY2R,,,,KISS1R
,,,,NPY5R,,,,KNG1
,,,,NTS,,,,KRAS
,,,,NTSR1,,,,LHB
,,,,NTSR2,,,,LHCGR
,,,,OBSCN,,,,LOC649279
,,,,OPN1LW,,,,LOC652222
,,,,OPN1MW,,,,LOC652292
,,,,OPN1MW2,,,,LOC652692
,,,,OPN1SW,,,,LOC653879
,,,,OPN3,,,,LOC728830
,,,,OPN4,,,,LOC730002
,,,,OPN5,,,,LOC730221
,,,,OPRD1,,,,LOC730335
,,,,OPRK1,,,,LOC730413
,,,,OPRL1,,,,LOC730418
,,,,OPRM1,,,,LOC730421
,,,,OR10A2,,,,LOC730808
,,,,OR10A3,,,,LOC731823
,,,,OR10A4,,,,LPAR1
,,,,OR10A5,,,,LPAR2
,,,,OR10A6,,,,LPAR3
,,,,OR10A7,,,,LPAR4
,,,,OR10AD1,,,,LPAR6
,,,,OR10AG1,,,,LTB4R
,,,,OR10C1,,,,LTB4R2
,,,,OR10G2,,,,MAP2K1
,,,,OR10G3,,,,MAP2K2
,,,,OR10G4,,,,MAPK1
,,,,OR10G7,,,,MAPK3
,,,,OR10G8,,,,MAPK7
,,,,OR10G9,,,,MC1R
,,,,OR10H1,,,,MC2R
,,,,OR10H2,,,,MC3R
,,,,OR10H3,,,,MC4R
,,,,OR10H4,,,,MC5R
,,,,OR10H5,,,,MCF2
,,,,OR10J1,,,,MCHR1
,,,,OR10J3,,,,MCHR2
,,,,OR10J5,,,,MGLL
,,,,OR10K1,,,,MLN
,,,,OR10K2,,,,MLNR
,,,,OR10P1,,,,MMP3
,,,,OR10Q1,,,,MTNR1A
,,,,OR10R2,,,,MTNR1B
,,,,OR10S1,,,,NET1
,,,,OR10T2,,,,NGEF
,,,,OR10V1,,,,NMB
,,,,OR10W1,,,,NMBR
,,,,OR10X1,,,,NMS
,,,,OR10Z1,,,,NMU
,,,,OR11A1,,,,NMUR1
,,,,OR11G2,,,,NMUR2
,,,,OR14A16,,,,NPB
,,,,OR14C36,,,,NPBWR1
,,,,OR14J1,,,,NPBWR2
,,,,OR14K1,,,,NPFF
,,,,OR1A1,,,,NPFFR1
,,,,OR1A2,,,,NPFFR2
,,,,OR1B1,,,,NPS
,,,,OR1C1,,,,NPSR1
,,,,OR1D2,,,,NPW
,,,,OR1D4,,,,NPY
,,,,OR1D5,,,,NPY1R
,,,,OR1E1,,,,NPY2R
,,,,OR1E2,,,,NPY5R
,,,,OR1F1,,,,NRAS
,,,,OR1G1,,,,NTS
,,,,OR1I1,,,,NTSR1
,,,,OR1J1,,,,NTSR2
,,,,OR1J2,,,,O3FAR1
,,,,OR1J4,,,,OBSCN
,,,,OR1K1,,,,OPN1LW
,,,,OR1L1,,,,OPN1MW
,,,,OR1L3,,,,OPN1MW2
,,,,OR1L4,,,,OPN1SW
,,,,OR1L6,,,,OPN3
,,,,OR1L8,,,,OPN4
,,,,OR1M1,,,,OPN5
,,,,OR1N1,,,,OPRD1
,,,,OR1N2,,,,OPRK1
,,,,OR1Q1,,,,OPRL1
,,,,OR1S1,,,,OPRM1
,,,,OR1S2,,,,OR10A2
,,,,OR2A1,,,,OR10A3
,,,,OR2A12,,,,OR10A4
,,,,OR2A14,,,,OR10A5
,,,,OR2A2,,,,OR10A6
,,,,OR2A25,,,,OR10A7
,,,,OR2A4,,,,OR10AD1
,,,,OR2A42,,,,OR10AG1
,,,,OR2A5,,,,OR10C1
,,,,OR2A7,,,,OR10G2
,,,,OR2AE1,,,,OR10G3
,,,,OR2AG1,,,,OR10G4
,,,,OR2AK2,,,,OR10G7
,,,,OR2B11,,,,OR10G8
,,,,OR2B2,,,,OR10G9
,,,,OR2B3,,,,OR10H1
,,,,OR2B6,,,,OR10H2
,,,,OR2C1,,,,OR10H3
,,,,OR2C3,,,,OR10H4
,,,,OR2D2,,,,OR10H5
,,,,OR2D3,,,,OR10J1
,,,,OR2F1,,,,OR10J3
,,,,OR2F2,,,,OR10J5
,,,,OR2G2,,,,OR10K1
,,,,OR2G3,,,,OR10K2
,,,,OR2G6,,,,OR10P1
,,,,OR2H1,,,,OR10Q1
,,,,OR2J3,,,,OR10R2
,,,,OR2K2,,,,OR10S1
,,,,OR2L13,,,,OR10T2
,,,,OR2L2,,,,OR10V1
,,,,OR2L3,,,,OR10W1
,,,,OR2L8,,,,OR10X1
,,,,OR2M2,,,,OR10Z1
,,,,OR2M3,,,,OR11A1
,,,,OR2M4,,,,OR11G2
,,,,OR2M5,,,,OR14A16
,,,,OR2M7,,,,OR14C36
,,,,OR2S2,,,,OR14J1
,,,,OR2T1,,,,OR14K1
,,,,OR2T10,,,,OR1A1
,,,,OR2T11,,,,OR1A2
,,,,OR2T12,,,,OR1B1
,,,,OR2T2,,,,OR1C1
,,,,OR2T27,,,,OR1D2
,,,,OR2T29,,,,OR1D4
,,,,OR2T3,,,,OR1D5
,,,,OR2T33,,,,OR1E1
,,,,OR2T34,,,,OR1E2
,,,,OR2T35,,,,OR1F1
,,,,OR2T4,,,,OR1G1
,,,,OR2T5,,,,OR1I1
,,,,OR2V2,,,,OR1J1
,,,,OR2W1,,,,OR1J2
,,,,OR2W3,,,,OR1J4
,,,,OR2Y1,,,,OR1K1
,,,,OR2Z1,,,,OR1L1
,,,,OR3A1,,,,OR1L3
,,,,OR3A2,,,,OR1L4
,,,,OR3A3,,,,OR1L6
,,,,OR3A4P,,,,OR1L8
,,,,OR4A15,,,,OR1M1
,,,,OR4A16,,,,OR1N1
,,,,OR4A47,,,,OR1N2
,,,,OR4A5,,,,OR1Q1
,,,,OR4B1,,,,OR1S1
,,,,OR4C11,,,,OR1S2
,,,,OR4C12,,,,OR2A1
,,,,OR4C13,,,,OR2A12
,,,,OR4C15,,,,OR2A14
,,,,OR4C16,,,,OR2A2
,,,,OR4C3,,,,OR2A25
,,,,OR4C6,,,,OR2A4
,,,,OR4D1,,,,OR2A42
,,,,OR4D11,,,,OR2A5
,,,,OR4D2,,,,OR2A7
,,,,OR4D5,,,,OR2AE1
,,,,OR4D6,,,,OR2AG1
,,,,OR4D9,,,,OR2AK2
,,,,OR4E2,,,,OR2B11
,,,,OR4F15,,,,OR2B2
,,,,OR4F16,,,,OR2B3
,,,,OR4F17,,,,OR2B6
,,,,OR4F29,,,,OR2C1
,,,,OR4F3,,,,OR2C3
,,,,OR4F4,,,,OR2D2
,,,,OR4F5,,,,OR2D3
,,,,OR4F6,,,,OR2F1
,,,,OR4K1,,,,OR2F2
,,,,OR4K13,,,,OR2G2
,,,,OR4K14,,,,OR2G3
,,,,OR4K15,,,,OR2G6
,,,,OR4K17,,,,OR2H1
,,,,OR4K2,,,,OR2J3
,,,,OR4K5,,,,OR2K2
,,,,OR4L1,,,,OR2L13
,,,,OR4M1,,,,OR2L2
,,,,OR4M2,,,,OR2L3
,,,,OR4N2,,,,OR2L8
,,,,OR4N3P,,,,OR2M2
,,,,OR4N4,,,,OR2M3
,,,,OR4N5,,,,OR2M4
,,,,OR4P4,,,,OR2M5
,,,,OR4Q3,,,,OR2M7
,,,,OR4S1,,,,OR2S2
,,,,OR4S2,,,,OR2T1
,,,,OR4X1,,,,OR2T10
,,,,OR4X2,,,,OR2T11
,,,,OR51A2,,,,OR2T12
,,,,OR51A4,,,,OR2T2
,,,,OR51A7,,,,OR2T27
,,,,OR51B2,,,,OR2T29
,,,,OR51B4,,,,OR2T3
,,,,OR51B5,,,,OR2T33
,,,,OR51B6,,,,OR2T34
,,,,OR51D1,,,,OR2T35
,,,,OR51E1,,,,OR2T4
,,,,OR51E2,,,,OR2T5
,,,,OR51F2,,,,OR2V2
,,,,OR51G1,,,,OR2W1
,,,,OR51G2,,,,OR2W3
,,,,OR51I1,,,,OR2Y1
,,,,OR51I2,,,,OR2Z1
,,,,OR51L1,,,,OR3A1
,,,,OR51M1,,,,OR3A2
,,,,OR51Q1,,,,OR3A3
,,,,OR51S1,,,,OR3A4P
,,,,OR51T1,,,,OR4A15
,,,,OR51V1,,,,OR4A16
,,,,OR52A1,,,,OR4A47
,,,,OR52A5,,,,OR4A5
,,,,OR52B4,,,,OR4B1
,,,,OR52B6,,,,OR4C11
,,,,OR52D1,,,,OR4C12
,,,,OR52E2,,,,OR4C13
,,,,OR52E4,,,,OR4C15
,,,,OR52E6,,,,OR4C16
,,,,OR52E8,,,,OR4C3
,,,,OR52H1,,,,OR4C6
,,,,OR52I1,,,,OR4D1
,,,,OR52I2,,,,OR4D11
,,,,OR52J3,,,,OR4D2
,,,,OR52K1,,,,OR4D5
,,,,OR52K2,,,,OR4D6
,,,,OR52L1,,,,OR4D9
,,,,OR52M1,,,,OR4E2
,,,,OR52N1,,,,OR4F15
,,,,OR52N2,,,,OR4F16
,,,,OR52N4,,,,OR4F17
,,,,OR52N5,,,,OR4F29
,,,,OR52R1,,,,OR4F3
,,,,OR52W1,,,,OR4F4
,,,,OR56A1,,,,OR4F5
,,,,OR56A3,,,,OR4F6
,,,,OR56A4,,,,OR4K1
,,,,OR56B1,,,,OR4K13
,,,,OR56B4,,,,OR4K14
,,,,OR5A1,,,,OR4K15
,,,,OR5A2,,,,OR4K17
,,,,OR5AC2,,,,OR4K2
,,,,OR5AK2,,,,OR4K5
,,,,OR5AN1,,,,OR4L1
,,,,OR5AP2,,,,OR4M1
,,,,OR5AR1,,,,OR4M2
,,,,OR5AS1,,,,OR4N2
,,,,OR5AU1,,,,OR4N3P
,,,,OR5B12,,,,OR4N4
,,,,OR5B17,,,,OR4N5
,,,,OR5B2,,,,OR4P4
,,,,OR5B3,,,,OR4Q3
,,,,OR5C1,,,,OR4S1
,,,,OR5D13,,,,OR4S2
,,,,OR5D14,,,,OR4X1
,,,,OR5D16,,,,OR4X2
,,,,OR5D18,,,,OR51A2
,,,,OR5F1,,,,OR51A4
,,,,OR5H2,,,,OR51A7
,,,,OR5H6,,,,OR51B2
,,,,OR5I1,,,,OR51B4
,,,,OR5J2,,,,OR51B5
,,,,OR5K1,,,,OR51B6
,,,,OR5K2,,,,OR51D1
,,,,OR5L1,,,,OR51E1
,,,,OR5L2,,,,OR51E2
,,,,OR5M3,,,,OR51F2
,,,,OR5M8,,,,OR51G1
,,,,OR5M9,,,,OR51G2
,,,,OR5P2,,,,OR51I1
,,,,OR5P3,,,,OR51I2
,,,,OR5R1,,,,OR51L1
,,,,OR5T1,,,,OR51M1
,,,,OR5T2,,,,OR51Q1
,,,,OR5T3,,,,OR51S1
,,,,OR5V1,,,,OR51T1
,,,,OR5W2,,,,OR51V1
,,,,OR6A2,,,,OR52A1
,,,,OR6B1,,,,OR52A5
,,,,OR6B2,,,,OR52B4
,,,,OR6B3,,,,OR52B6
,,,,OR6C1,,,,OR52D1
,,,,OR6C2,,,,OR52E2
,,,,OR6C3,,,,OR52E4
,,,,OR6C4,,,,OR52E6
,,,,OR6F1,,,,OR52E8
,,,,OR6K2,,,,OR52H1
,,,,OR6K3,,,,OR52I1
,,,,OR6K6,,,,OR52I2
,,,,OR6M1,,,,OR52J3
,,,,OR6N1,,,,OR52K1
,,,,OR6N2,,,,OR52K2
,,,,OR6Q1,,,,OR52L1
,,,,OR6S1,,,,OR52M1
,,,,OR6T1,,,,OR52N1
,,,,OR6V1,,,,OR52N2
,,,,OR6X1,,,,OR52N4
,,,,OR6Y1,,,,OR52N5
,,,,OR7A10,,,,OR52R1
,,,,OR7A17,,,,OR52W1
,,,,OR7A5,,,,OR56A1
,,,,OR7C1,,,,OR56A3
,,,,OR7C2,,,,OR56A4
,,,,OR7D2,,,,OR56B1
,,,,OR7D4,,,,OR56B4
,,,,OR7G1,,,,OR5A1
,,,,OR7G2,,,,OR5A2
,,,,OR7G3,,,,OR5AC2
,,,,OR8A1,,,,OR5AK2
,,,,OR8B12,,,,OR5AN1
,,,,OR8B3,,,,OR5AP2
,,,,OR8B4,,,,OR5AR1
,,,,OR8B8,,,,OR5AS1
,,,,OR8D1,,,,OR5AU1
,,,,OR8D2,,,,OR5B12
,,,,OR8D4,,,,OR5B17
,,,,OR8H1,,,,OR5B2
,,,,OR8H2,,,,OR5B3
,,,,OR8H3,,,,OR5C1
,,,,OR8I2,,,,OR5D13
,,,,OR8J1,,,,OR5D14
,,,,OR8J3,,,,OR5D16
,,,,OR8K1,,,,OR5D18
,,,,OR8K3,,,,OR5F1
,,,,OR8K5,,,,OR5H2
,,,,OR8S1,,,,OR5H6
,,,,OR8U1,,,,OR5I1
,,,,OR8U8,,,,OR5J2
,,,,OR8U9,,,,OR5K1
,,,,OR9A2,,,,OR5K2
,,,,OR9A4,,,,OR5L1
,,,,OR9G1,,,,OR5L2
,,,,OR9G4,,,,OR5M3
,,,,OR9G9,,,,OR5M8
,,,,OR9I1,,,,OR5M9
,,,,OR9K2,,,,OR5P2
,,,,OR9Q1,,,,OR5P3
,,,,OR9Q2,,,,OR5R1
,,,,OXER1,,,,OR5T1
,,,,OXT,,,,OR5T2
,,,,OXTR,,,,OR5T3
,,,,P2RY1,,,,OR5V1
,,,,P2RY10,,,,OR5W2
,,,,P2RY11,,,,OR6A2
,,,,P2RY12,,,,OR6B1
,,,,P2RY13,,,,OR6B2
,,,,P2RY14,,,,OR6B3
,,,,P2RY2,,,,OR6C1
,,,,P2RY4,,,,OR6C2
,,,,P2RY6,,,,OR6C3
,,,,PDE10A,,,,OR6C4
,,,,PDE11A,,,,OR6F1
,,,,PDE1A,,,,OR6K2
,,,,PDE1B,,,,OR6K3
,,,,PDE2A,,,,OR6K6
,,,,PDE3A,,,,OR6M1
,,,,PDE3B,,,,OR6N1
,,,,PDE4B,,,,OR6N2
,,,,PDE4C,,,,OR6Q1
,,,,PDE4D,,,,OR6S1
,,,,PDE7A,,,,OR6T1
,,,,PDE7B,,,,OR6V1
,,,,PDE8A,,,,OR6X1
,,,,PDE8B,,,,OR6Y1
,,,,PDPK1,,,,OR7A10
,,,,PDYN,,,,OR7A17
,,,,PENK,,,,OR7A5
,,,,PF4,,,,OR7C1
,,,,PIK3CA,,,,OR7C2
,,,,PIK3CG,,,,OR7D2
,,,,PIK3R1,,,,OR7D4
,,,,PIK3R2,,,,OR7G1
,,,,PIK3R3,,,,OR7G2
,,,,PIK3R5,,,,OR7G3
,,,,PIK3R6,,,,OR8A1
,,,,PLCB1,,,,OR8B12
,,,,PLCB2,,,,OR8B3
,,,,PLCB3,,,,OR8B4
,,,,PLCB4,,,,OR8B8
,,,,PLEKHG2,,,,OR8D1
,,,,PLXNB1,,,,OR8D2
,,,,PMCH,,,,OR8D4
,,,,PNOC,,,,OR8H1
,,,,POMC,,,,OR8H2
,,,,PPBP,,,,OR8H3
,,,,PPY,,,,OR8I2
,,,,PPYR1,,,,OR8J1
,,,,PREX1,,,,OR8J3
,,,,PRKCA,,,,OR8K1
,,,,PRKCB,,,,OR8K3
,,,,PRKCD,,,,OR8K5
,,,,PRKCE,,,,OR8S1
,,,,PRKCG,,,,OR8U1
,,,,PRKCH,,,,OR8U8
,,,,PRKCQ,,,,OR8U9
,,,,PROK1,,,,OR9A2
,,,,PROKR1,,,,OR9A4
,,,,PROKR2,,,,OR9G1
,,,,PTAFR,,,,OR9G4
,,,,PTGDR,,,,OR9G9
,,,,PTGER1,,,,OR9I1
,,,,PTGER2,,,,OR9K2
,,,,PTGER3,,,,OR9Q1
,,,,PTGER4,,,,OR9Q2
,,,,PTGFR,,,,OXER1
,,,,PTGIR,,,,OXT
,,,,PTH,,,,OXTR
,,,,PTH1R,,,,P2RY1
,,,,PTH2,,,,P2RY10
,,,,PTH2R,,,,P2RY11
,,,,PTHLH,,,,P2RY12
,,,,PYY,,,,P2RY13
,,,,QRFP,,,,P2RY14
,,,,QRFPR,,,,P2RY2
,,,,RAC1,,,,P2RY4
,,,,RAC2,,,,P2RY6
,,,,RAMP1,,,,PDE10A
,,,,RAMP2,,,,PDE11A
,,,,RAMP3,,,,PDE1A
,,,,RASGRF1,,,,PDE1B
,,,,RASGRF2,,,,PDE2A
,,,,RASGRP1,,,,PDE3A
,,,,RASGRP2,,,,PDE3B
,,,,RGR,,,,PDE4B
,,,,RGS1,,,,PDE4C
,,,,RGS11,,,,PDE4D
,,,,RGS12,,,,PDE7A
,,,,RGS17,,,,PDE7B
,,,,RGS18,,,,PDE8A
,,,,RGS19,,,,PDE8B
,,,,RGS2,,,,PDPK1
,,,,RGS20,,,,PDYN
,,,,RGS21,,,,PENK
,,,,RGS4,,,,PF4
,,,,RGS6,,,,PIK3CA
,,,,RGS7,,,,PIK3CG
,,,,RGS8,,,,PIK3R1
,,,,RGS9,,,,PIK3R2
,,,,RHO,,,,PIK3R3
,,,,RHOA,,,,PIK3R5
,,,,RHOB,,,,PIK3R6
,,,,RHOC,,,,PLA2G4A
,,,,RHOG,,,,PLCB1
,,,,RLN2,,,,PLCB2
,,,,RLN3,,,,PLCB3
,,,,ROCK1,,,,PLCB4
,,,,ROCK1P1,,,,PLEKHG2
,,,,ROCK2,,,,PLXNB1
,,,,RRH,,,,PMCH
,,,,RXFP1,,,,PNOC
,,,,RXFP2,,,,POMC
,,,,RXFP3,,,,PPBP
,,,,RXFP4,,,,PPP1CA
,,,,S1PR1,,,,PPP1R1B
,,,,S1PR2,,,,PPP2CA
,,,,S1PR3,,,,PPP2CB
,,,,S1PR4,,,,PPP2R1A
,,,,S1PR5,,,,PPP2R1B
,,,,SAA1,,,,PPP2R5D
,,,,SCT,,,,PPP3CA
,,,,SCTR,,,,PPP3CB
,,,,SOS1,,,,PPP3R1
,,,,SOS2,,,,PPY
,,,,SST,,,,PPYR1
,,,,SSTR1,,,,PREX1
,,,,SSTR2,,,,PRKACA
,,,,SSTR3,,,,PRKACB
,,,,SSTR4,,,,PRKACG
,,,,SSTR5,,,,PRKAR1A
,,,,TAAR1,,,,PRKAR1B
,,,,TAAR2,,,,PRKAR2A
,,,,TAAR5,,,,PRKAR2B
,,,,TAAR6,,,,PRKCA
,,,,TAAR8,,,,PRKCB
,,,,TAC1,,,,PRKCD
,,,,TAC3,,,,PRKCE
,,,,TACR1,,,,PRKCG
,,,,TACR2,,,,PRKCH
,,,,TACR3,,,,PRKCQ
,,,,TBXA2R,,,,PRLH
,,,,TIAM1,,,,PRLHR
,,,,TIAM2,,,,PROK1
,,,,TRH,,,,PROKR1
,,,,TRHR,,,,PROKR2
,,,,TRIO,,,,PTAFR
,,,,TRPC3,,,,PTCH1
,,,,TRPC6,,,,PTCH2
,,,,TRPC7,,,,PTGDR
,,,,TSHB,,,,PTGER1
,,,,TSHR,,,,PTGER2
,,,,UTS2,,,,PTGER3
,,,,UTS2D,,,,PTGER4
,,,,UTS2R,,,,PTGFR
,,,,VAV1,,,,PTGIR
,,,,VAV3,,,,PTH
,,,,VIP,,,,PTH1R
,,,,VIPR1,,,,PTH2
,,,,VIPR2,,,,PTH2R
,,,,XCL1,,,,PTHLH
,,,,XCL2,,,,PYY
,,,,XCR1,,,,QRFP
,,,,,,,,QRFPR
,,,,,,,,RAC1
,,,,,,,,RAC2
,,,,,,,,RAF1
,,,,,,,,RAMP1
,,,,,,,,RAMP2
,,,,,,,,RAMP3
,,,,,,,,RASGRF1
,,,,,,,,RASGRF2
,,,,,,,,RASGRP1
,,,,,,,,RASGRP2
,,,,,,,,RGR
,,,,,,,,RGS1
,,,,,,,,RGS11
,,,,,,,,RGS12
,,,,,,,,RGS17
,,,,,,,,RGS18
,,,,,,,,RGS19
,,,,,,,,RGS2
,,,,,,,,RGS20
,,,,,,,,RGS21
,,,,,,,,RGS4
,,,,,,,,RGS6
,,,,,,,,RGS7
,,,,,,,,RGS8
,,,,,,,,RGS9
,,,,,,,,RHO
,,,,,,,,RHOA
,,,,,,,,RHOB
,,,,,,,,RHOC
,,,,,,,,RHOG
,,,,,,,,RLN2
,,,,,,,,RLN3
,,,,,,,,ROCK1
,,,,,,,,ROCK1P1
,,,,,,,,ROCK2
,,,,,,,,RPS6KA1
,,,,,,,,RPS6KA2
,,,,,,,,RPS6KA3
,,,,,,,,RRH
,,,,,,,,RXFP1
,,,,,,,,RXFP2
,,,,,,,,RXFP3
,,,,,,,,RXFP4
,,,,,,,,S1PR1
,,,,,,,,S1PR2
,,,,,,,,S1PR3
,,,,,,,,S1PR4
,,,,,,,,S1PR5
,,,,,,,,SAA1
,,,,,,,,SCT
,,,,,,,,SCTR
,,,,,,,,SHH
,,,,,,,,SMO
,,,,,,,,SOS1
,,,,,,,,SOS2
,,,,,,,,SST
,,,,,,,,SSTR1
,,,,,,,,SSTR2
,,,,,,,,SSTR3
,,,,,,,,SSTR4
,,,,,,,,SSTR5
,,,,,,,,TAAR1
,,,,,,,,TAAR2
,,,,,,,,TAAR5
,,,,,,,,TAAR6
,,,,,,,,TAAR8
,,,,,,,,TAC1
,,,,,,,,TAC3
,,,,,,,,TACR1
,,,,,,,,TACR2
,,,,,,,,TACR3
,,,,,,,,TAS1R1
,,,,,,,,TAS1R2
,,,,,,,,TAS1R3
,,,,,,,,TBXA2R
,,,,,,,,TIAM1
,,,,,,,,TIAM2
,,,,,,,,TRH
,,,,,,,,TRHR
,,,,,,,,TRIO
,,,,,,,,TRPC3
,,,,,,,,TRPC6
,,,,,,,,TRPC7
,,,,,,,,TSHB
,,,,,,,,TSHR
,,,,,,,,UTS2
,,,,,,,,UTS2D
,,,,,,,,UTS2R
,,,,,,,,VAV1
,,,,,,,,VAV3
,,,,,,,,VIP
,,,,,,,,VIPR1
,,,,,,,,VIPR2
,,,,,,,,WNT1
,,,,,,,,WNT10A
,,,,,,,,WNT10B
,,,,,,,,WNT11
,,,,,,,,WNT16
,,,,,,,,WNT2
,,,,,,,,WNT2B
,,,,,,,,WNT3
,,,,,,,,WNT3A
,,,,,,,,WNT4
,,,,,,,,WNT5A
,,,,,,,,WNT6
,,,,,,,,WNT7A
,,,,,,,,WNT7B
,,,,,,,,WNT8B
,,,,,,,,WNT9A
,,,,,,,,WNT9B
,,,,,,,,XCL1
,,,,,,,,XCL2
,,,,,,,,XCR1
,,,,,,,,YWHAB